main	155
main-family	21
main-news	20
main-tariffs	18
main-bonus	17
main-digital	16
main-archive	16
main-family-main	10
main-tariffs-news	9
main-tariffs-main	8
main-digital-family	6
main-archive-family	5
main-news-main	5
main-archive-digital	5
main-archive-main	4
main-family-news	4
main-archive-tariffs	4
main-spravka	4
main-digital-main	4
main-bonus-archive	4
main-tariffs-family	4
main-bonus-main	4
main-news-archive	4
main-news-digital	3
main-archive-bonus	3
main-family-tariffs	3
main-tariffs-archive	3
main-news-tariffs	3
main-bonus-family	3
main-tariffs-main-tariffs-main	3
